Handle,Title,Body (HTML),Vendor,Type,Tags,Published,Option1 Name,Option1 Value,Option2 Name,Option2 Value,Option3 Name,Option3 Value,Variant SKU,Variant Grams,Variant Inventory Tracker,Variant Inventory Qty,Variant Inventory Policy,Variant Fulfillment Service,Variant Price,Variant Compare At Price,Variant Requires Shipping,Variant Taxable,Variant Barcode,Image Src,Image Position,Image Alt Text,Gift Card,Google Shopping / MPN,Google Shopping / Age Group,Google Shopping / Gender,Google Shopping / Google Product Category,SEO Title,SEO Description,Google Shopping / AdWords Grouping,Google Shopping / AdWords Labels,Google Shopping / Condition,Google Shopping / Custom Product,Google Shopping / Custom Label 0,Google Shopping / Custom Label 1,Google Shopping / Custom Label 2,Google Shopping / Custom Label 3,Google Shopping / Custom Label 4,Variant Image,Variant Weight Unit,Variant Tax Code,Cost per item
SB_PRO_BUD_432,SB_PRO_BUD_432,"<ul class='tc__description'><li>Ribbed and double stitched collar</li><li>Machine-wash safe</li><li>Officially licensed</li><li>Products are proudly printed in the United States</li></ul>
",,,,TRUE,Style,Classic T-Shirt,Color,Black,Size,S,TC-z12AULVU9H-001,0,,999,deny,manual,24.99,,TRUE,,,https://cdn.32pt.com/public/sl-prod-od-0/images/retail-products/898EAE7FB7E5F2/898EAE7FB7E5F2-D39E5E2D2C4D-GS0-TC0-BLK/back/regular.jpg,1,HMS Rothesay (F107) - T-Shirt,FALSE,,Adult,Unisex,,HMS Rothesay (F107) - T-Shirt,,,,new,FALSE,,,,,,https://cdn.32pt.com/public/sl-prod-od-0/images/retail-products/898EAE7FB7E5F2/898EAE7FB7E5F2-D39E5E2D2C4D-GS0-TC0-BLK/back/regular.jpg,lb,,24.99
SB_PRO_BUD_432,,,,,,,,Classic T-Shirt,,Black,,M,TC-z12AULVU9H-002,0,,999,deny,manual,24.99,,TRUE,,,https://cdn.32pt.com/public/sl-prod-od-0/images/retail-products/898EAE7FB7E5F2/898EAE7FB7E5F2-D39E5E2D2C4D-GS0-TC0-BRN/back/regular.jpg,2,HMS Rothesay (F107) - T-Shirt,FALSE,,Adult,Unisex,,HMS Rothesay (F107) - T-Shirt,,,,new,FALSE,,,,,,https://cdn.32pt.com/public/sl-prod-od-0/images/retail-products/898EAE7FB7E5F2/898EAE7FB7E5F2-D39E5E2D2C4D-GS0-TC0-BLK/back/regular.jpg,lb,,24.99
SB_PRO_BUD_432,,,,,,,,Classic T-Shirt,,Black,,L,TC-z12AULVU9H-003,0,,999,deny,manual,24.99,,TRUE,,,https://cdn.32pt.com/public/sl-prod-od-0/images/retail-products/898EAE7FB7E5F2/898EAE7FB7E5F2-D39E5E2D2C4D-GS0-TC0-GRY/back/regular.jpg,3,HMS Rothesay (F107) - T-Shirt,FALSE,,Adult,Unisex,,HMS Rothesay (F107) - T-Shirt,,,,new,FALSE,,,,,,https://cdn.32pt.com/public/sl-prod-od-0/images/retail-products/898EAE7FB7E5F2/898EAE7FB7E5F2-D39E5E2D2C4D-GS0-TC0-BLK/back/regular.jpg,lb,,24.99
SB_PRO_BUD_432,,,,,,,,Classic T-Shirt,,Black,,XL,TC-z12AULVU9H-004,0,,999,deny,manual,24.99,,TRUE,,,https://cdn.32pt.com/public/sl-prod-od-0/images/retail-products/898EAE7FB7E5F2/898EAE7FB7E5F2-D39E5E2D2C4D-GS0-TC0-PUR/back/regular.jpg,4,HMS Rothesay (F107) - T-Shirt,FALSE,,Adult,Unisex,,HMS Rothesay (F107) - T-Shirt,,,,new,FALSE,,,,,,https://cdn.32pt.com/public/sl-prod-od-0/images/retail-products/898EAE7FB7E5F2/898EAE7FB7E5F2-D39E5E2D2C4D-GS0-TC0-BLK/back/regular.jpg,lb,,24.99
SB_PRO_BUD_432,,,,,,,,Classic T-Shirt,,Black,,2XL,TC-z12AULVU9H-005,0,,999,deny,manual,26.99,,TRUE,,,https://cdn.32pt.com/public/sl-prod-od-0/images/retail-products/898EAE7FB7E5F2/898EAE7FB7E5F2-D39E5E2D2C4D-GS0-TC0-NAV/back/regular.jpg,5,HMS Rothesay (F107) - T-Shirt,FALSE,,Adult,Unisex,,HMS Rothesay (F107) - T-Shirt,,,,new,FALSE,,,,,,https://cdn.32pt.com/public/sl-prod-od-0/images/retail-products/898EAE7FB7E5F2/898EAE7FB7E5F2-D39E5E2D2C4D-GS0-TC0-BLK/back/regular.jpg,lb,,26.99
SB_PRO_BUD_432,,,,,,,,Classic T-Shirt,,Black,,3XL,TC-z12AULVU9H-006,0,,999,deny,manual,27.99,,TRUE,,,https://cdn.32pt.com/public/sl-prod-od-0/images/retail-products/898EAE7FB7E5F2/898EAE7FB7E5F2-D39E5E2D2C4D-GS0-TC0-FGR/back/regular.jpg,6,HMS Rothesay (F107) - T-Shirt,FALSE,,Adult,Unisex,,HMS Rothesay (F107) - T-Shirt,,,,new,FALSE,,,,,,https://cdn.32pt.com/public/sl-prod-od-0/images/retail-products/898EAE7FB7E5F2/898EAE7FB7E5F2-D39E5E2D2C4D-GS0-TC0-BLK/back/regular.jpg,lb,,27.99
SB_PRO_BUD_432,,,,,,,,Classic T-Shirt,,Black,,4XL,TC-z12AULVU9H-007,0,,999,deny,manual,28.99,,TRUE,,,https://cdn.32pt.com/public/sl-prod-od-0/images/retail-products/898EAE7FB7E5F2/898EAE7FB7E5F2-D39E5E2D2C4D-GS0-TC4-BLK/back/regular.jpg,7,HMS Rothesay (F107) - T-Shirt,FALSE,,Adult,Unisex,,HMS Rothesay (F107) - T-Shirt,,,,new,FALSE,,,,,,https://cdn.32pt.com/public/sl-prod-od-0/images/retail-products/898EAE7FB7E5F2/898EAE7FB7E5F2-D39E5E2D2C4D-GS0-TC0-BLK/back/regular.jpg,lb,,28.99
SB_PRO_BUD_432,,,,,,,,Classic T-Shirt,,Black,,5XL,TC-z12AULVU9H-008,0,,999,deny,manual,29.99,,TRUE,,,https://cdn.32pt.com/public/sl-prod-od-0/images/retail-products/898EAE7FB7E5F2/898EAE7FB7E5F2-D39E5E2D2C4D-GS0-TC4-NAV/back/regular.jpg,8,HMS Rothesay (F107) - T-Shirt,FALSE,,Adult,Unisex,,HMS Rothesay (F107) - T-Shirt,,,,new,FALSE,,,,,,https://cdn.32pt.com/public/sl-prod-od-0/images/retail-products/898EAE7FB7E5F2/898EAE7FB7E5F2-D39E5E2D2C4D-GS0-TC0-BLK/back/regular.jpg,lb,,29.99
SB_PRO_BUD_432,,,,,,,,Classic T-Shirt,,Black,,6XL,TC-z12AULVU9H-009,0,,999,deny,manual,30.99,,TRUE,,,https://cdn.32pt.com/public/sl-prod-od-0/images/retail-products/898EAE7FB7E5F2/898EAE7FB7E5F2-D39E5E2D2C4D-GS0-TC4-GRY/back/regular.jpg,9,HMS Rothesay (F107) - T-Shirt,FALSE,,Adult,Unisex,,HMS Rothesay (F107) - T-Shirt,,,,new,FALSE,,,,,,https://cdn.32pt.com/public/sl-prod-od-0/images/retail-products/898EAE7FB7E5F2/898EAE7FB7E5F2-D39E5E2D2C4D-GS0-TC0-BLK/back/regular.jpg,lb,,30.99
SB_PRO_BUD_432,,,,,,,,Classic T-Shirt,,Chocolate,,S,TC-z12AULVU9H-010,0,,999,deny,manual,24.99,,TRUE,,,https://cdn.32pt.com/public/sl-prod-od-0/images/retail-products/898EAE7FB7E5F2/898EAE7FB7E5F2-D39E5E2D2C4D-GS0-TC4-ATH/back/regular.jpg,10,HMS Rothesay (F107) - T-Shirt,FALSE,,Adult,Unisex,,HMS Rothesay (F107) - T-Shirt,,,,new,FALSE,,,,,,https://cdn.32pt.com/public/sl-prod-od-0/images/retail-products/898EAE7FB7E5F2/898EAE7FB7E5F2-D39E5E2D2C4D-GS0-TC0-BRN/back/regular.jpg,lb,,24.99
SB_PRO_BUD_432,,,,,,,,Classic T-Shirt,,Chocolate,,M,TC-z12AULVU9H-011,0,,999,deny,manual,24.99,,TRUE,,,https://cdn.32pt.com/public/sl-prod-od-0/images/retail-products/898EAE7FB7E5F2/898EAE7FB7E5F2-D39E5E2D2C4D-GS0-TC12-BLK/back/regular.jpg,11,HMS Rothesay (F107) - T-Shirt,FALSE,,Adult,Unisex,,HMS Rothesay (F107) - T-Shirt,,,,new,FALSE,,,,,,https://cdn.32pt.com/public/sl-prod-od-0/images/retail-products/898EAE7FB7E5F2/898EAE7FB7E5F2-D39E5E2D2C4D-GS0-TC0-BRN/back/regular.jpg,lb,,24.99
SB_PRO_BUD_432,,,,,,,,Classic T-Shirt,,Chocolate,,L,TC-z12AULVU9H-012,0,,999,deny,manual,24.99,,TRUE,,,https://cdn.32pt.com/public/sl-prod-od-0/images/retail-products/898EAE7FB7E5F2/898EAE7FB7E5F2-D39E5E2D2C4D-GS0-TC12-GRY/back/regular.jpg,12,HMS Rothesay (F107) - T-Shirt,FALSE,,Adult,Unisex,,HMS Rothesay (F107) - T-Shirt,,,,new,FALSE,,,,,,https://cdn.32pt.com/public/sl-prod-od-0/images/retail-products/898EAE7FB7E5F2/898EAE7FB7E5F2-D39E5E2D2C4D-GS0-TC0-BRN/back/regular.jpg,lb,,24.99
SB_PRO_BUD_432,,,,,,,,Classic T-Shirt,,Chocolate,,XL,TC-z12AULVU9H-013,0,,999,deny,manual,24.99,,TRUE,,,https://cdn.32pt.com/public/sl-prod-od-0/images/retail-products/898EAE7FB7E5F2/898EAE7FB7E5F2-D39E5E2D2C4D-GS0-TC12-NAV/back/regular.jpg,13,HMS Rothesay (F107) - T-Shirt,FALSE,,Adult,Unisex,,HMS Rothesay (F107) - T-Shirt,,,,new,FALSE,,,,,,https://cdn.32pt.com/public/sl-prod-od-0/images/retail-products/898EAE7FB7E5F2/898EAE7FB7E5F2-D39E5E2D2C4D-GS0-TC0-BRN/back/regular.jpg,lb,,24.99
SB_PRO_BUD_432,,,,,,,,Classic T-Shirt,,Chocolate,,2XL,TC-z12AULVU9H-014,0,,999,deny,manual,26.99,,TRUE,,,https://cdn.32pt.com/public/sl-prod-od-0/images/retail-products/898EAE7FB7E5F2/898EAE7FB7E5F2-D39E5E2D2C4D-GS0-TC12-ATH/back/regular.jpg,14,HMS Rothesay (F107) - T-Shirt,FALSE,,Adult,Unisex,,HMS Rothesay (F107) - T-Shirt,,,,new,FALSE,,,,,,https://cdn.32pt.com/public/sl-prod-od-0/images/retail-products/898EAE7FB7E5F2/898EAE7FB7E5F2-D39E5E2D2C4D-GS0-TC0-BRN/back/regular.jpg,lb,,26.99
SB_PRO_BUD_432,,,,,,,,Classic T-Shirt,,Chocolate,,3XL,TC-z12AULVU9H-015,0,,999,deny,manual,27.99,,TRUE,,,,,,FALSE,,Adult,Unisex,,HMS Rothesay (F107) - T-Shirt,,,,new,FALSE,,,,,,https://cdn.32pt.com/public/sl-prod-od-0/images/retail-products/898EAE7FB7E5F2/898EAE7FB7E5F2-D39E5E2D2C4D-GS0-TC0-BRN/back/regular.jpg,lb,,27.99
SB_PRO_BUD_432,,,,,,,,Classic T-Shirt,,Chocolate,,4XL,TC-z12AULVU9H-016,0,,999,deny,manual,28.99,,TRUE,,,,,,FALSE,,Adult,Unisex,,HMS Rothesay (F107) - T-Shirt,,,,new,FALSE,,,,,,https://cdn.32pt.com/public/sl-prod-od-0/images/retail-products/898EAE7FB7E5F2/898EAE7FB7E5F2-D39E5E2D2C4D-GS0-TC0-BRN/back/regular.jpg,lb,,28.99
SB_PRO_BUD_432,,,,,,,,Classic T-Shirt,,Chocolate,,5XL,TC-z12AULVU9H-017,0,,999,deny,manual,29.99,,TRUE,,,,,,FALSE,,Adult,Unisex,,HMS Rothesay (F107) - T-Shirt,,,,new,FALSE,,,,,,https://cdn.32pt.com/public/sl-prod-od-0/images/retail-products/898EAE7FB7E5F2/898EAE7FB7E5F2-D39E5E2D2C4D-GS0-TC0-BRN/back/regular.jpg,lb,,29.99
SB_PRO_BUD_432,,,,,,,,Classic T-Shirt,,Chocolate,,6XL,TC-z12AULVU9H-018,0,,999,deny,manual,30.99,,TRUE,,,,,,FALSE,,Adult,Unisex,,HMS Rothesay (F107) - T-Shirt,,,,new,FALSE,,,,,,https://cdn.32pt.com/public/sl-prod-od-0/images/retail-products/898EAE7FB7E5F2/898EAE7FB7E5F2-D39E5E2D2C4D-GS0-TC0-BRN/back/regular.jpg,lb,,30.99
SB_PRO_BUD_432,,,,,,,,Classic T-Shirt,,Charcoal Grey,,S,TC-z12AULVU9H-019,0,,999,deny,manual,24.99,,TRUE,,,,,,FALSE,,Adult,Unisex,,HMS Rothesay (F107) - T-Shirt,,,,new,FALSE,,,,,,https://cdn.32pt.com/public/sl-prod-od-0/images/retail-products/898EAE7FB7E5F2/898EAE7FB7E5F2-D39E5E2D2C4D-GS0-TC0-GRY/back/regular.jpg,lb,,24.99
SB_PRO_BUD_432,,,,,,,,Classic T-Shirt,,Charcoal Grey,,M,TC-z12AULVU9H-020,0,,999,deny,manual,24.99,,TRUE,,,,,,FALSE,,Adult,Unisex,,HMS Rothesay (F107) - T-Shirt,,,,new,FALSE,,,,,,https://cdn.32pt.com/public/sl-prod-od-0/images/retail-products/898EAE7FB7E5F2/898EAE7FB7E5F2-D39E5E2D2C4D-GS0-TC0-GRY/back/regular.jpg,lb,,24.99
SB_PRO_BUD_432,,,,,,,,Classic T-Shirt,,Charcoal Grey,,L,TC-z12AULVU9H-021,0,,999,deny,manual,24.99,,TRUE,,,,,,FALSE,,Adult,Unisex,,HMS Rothesay (F107) - T-Shirt,,,,new,FALSE,,,,,,https://cdn.32pt.com/public/sl-prod-od-0/images/retail-products/898EAE7FB7E5F2/898EAE7FB7E5F2-D39E5E2D2C4D-GS0-TC0-GRY/back/regular.jpg,lb,,24.99
SB_PRO_BUD_432,,,,,,,,Classic T-Shirt,,Charcoal Grey,,XL,TC-z12AULVU9H-022,0,,999,deny,manual,24.99,,TRUE,,,,,,FALSE,,Adult,Unisex,,HMS Rothesay (F107) - T-Shirt,,,,new,FALSE,,,,,,https://cdn.32pt.com/public/sl-prod-od-0/images/retail-products/898EAE7FB7E5F2/898EAE7FB7E5F2-D39E5E2D2C4D-GS0-TC0-GRY/back/regular.jpg,lb,,24.99
SB_PRO_BUD_432,,,,,,,,Classic T-Shirt,,Charcoal Grey,,2XL,TC-z12AULVU9H-023,0,,999,deny,manual,26.99,,TRUE,,,,,,FALSE,,Adult,Unisex,,HMS Rothesay (F107) - T-Shirt,,,,new,FALSE,,,,,,https://cdn.32pt.com/public/sl-prod-od-0/images/retail-products/898EAE7FB7E5F2/898EAE7FB7E5F2-D39E5E2D2C4D-GS0-TC0-GRY/back/regular.jpg,lb,,26.99
SB_PRO_BUD_432,,,,,,,,Classic T-Shirt,,Charcoal Grey,,3XL,TC-z12AULVU9H-024,0,,999,deny,manual,27.99,,TRUE,,,,,,FALSE,,Adult,Unisex,,HMS Rothesay (F107) - T-Shirt,,,,new,FALSE,,,,,,https://cdn.32pt.com/public/sl-prod-od-0/images/retail-products/898EAE7FB7E5F2/898EAE7FB7E5F2-D39E5E2D2C4D-GS0-TC0-GRY/back/regular.jpg,lb,,27.99
SB_PRO_BUD_432,,,,,,,,Classic T-Shirt,,Charcoal Grey,,4XL,TC-z12AULVU9H-025,0,,999,deny,manual,28.99,,TRUE,,,,,,FALSE,,Adult,Unisex,,HMS Rothesay (F107) - T-Shirt,,,,new,FALSE,,,,,,https://cdn.32pt.com/public/sl-prod-od-0/images/retail-products/898EAE7FB7E5F2/898EAE7FB7E5F2-D39E5E2D2C4D-GS0-TC0-GRY/back/regular.jpg,lb,,28.99
SB_PRO_BUD_432,,,,,,,,Classic T-Shirt,,Charcoal Grey,,5XL,TC-z12AULVU9H-026,0,,999,deny,manual,29.99,,TRUE,,,,,,FALSE,,Adult,Unisex,,HMS Rothesay (F107) - T-Shirt,,,,new,FALSE,,,,,,https://cdn.32pt.com/public/sl-prod-od-0/images/retail-products/898EAE7FB7E5F2/898EAE7FB7E5F2-D39E5E2D2C4D-GS0-TC0-GRY/back/regular.jpg,lb,,29.99
SB_PRO_BUD_432,,,,,,,,Classic T-Shirt,,Charcoal Grey,,6XL,TC-z12AULVU9H-027,0,,999,deny,manual,30.99,,TRUE,,,,,,FALSE,,Adult,Unisex,,HMS Rothesay (F107) - T-Shirt,,,,new,FALSE,,,,,,https://cdn.32pt.com/public/sl-prod-od-0/images/retail-products/898EAE7FB7E5F2/898EAE7FB7E5F2-D39E5E2D2C4D-GS0-TC0-GRY/back/regular.jpg,lb,,30.99
SB_PRO_BUD_432,,,,,,,,Classic T-Shirt,,Purple,,S,TC-z12AULVU9H-028,0,,999,deny,manual,24.99,,TRUE,,,,,,FALSE,,Adult,Unisex,,HMS Rothesay (F107) - T-Shirt,,,,new,FALSE,,,,,,https://cdn.32pt.com/public/sl-prod-od-0/images/retail-products/898EAE7FB7E5F2/898EAE7FB7E5F2-D39E5E2D2C4D-GS0-TC0-PUR/back/regular.jpg,lb,,24.99
SB_PRO_BUD_432,,,,,,,,Classic T-Shirt,,Purple,,M,TC-z12AULVU9H-029,0,,999,deny,manual,24.99,,TRUE,,,,,,FALSE,,Adult,Unisex,,HMS Rothesay (F107) - T-Shirt,,,,new,FALSE,,,,,,https://cdn.32pt.com/public/sl-prod-od-0/images/retail-products/898EAE7FB7E5F2/898EAE7FB7E5F2-D39E5E2D2C4D-GS0-TC0-PUR/back/regular.jpg,lb,,24.99
SB_PRO_BUD_432,,,,,,,,Classic T-Shirt,,Purple,,L,TC-z12AULVU9H-030,0,,999,deny,manual,24.99,,TRUE,,,,,,FALSE,,Adult,Unisex,,HMS Rothesay (F107) - T-Shirt,,,,new,FALSE,,,,,,https://cdn.32pt.com/public/sl-prod-od-0/images/retail-products/898EAE7FB7E5F2/898EAE7FB7E5F2-D39E5E2D2C4D-GS0-TC0-PUR/back/regular.jpg,lb,,24.99
SB_PRO_BUD_432,,,,,,,,Classic T-Shirt,,Purple,,XL,TC-z12AULVU9H-031,0,,999,deny,manual,24.99,,TRUE,,,,,,FALSE,,Adult,Unisex,,HMS Rothesay (F107) - T-Shirt,,,,new,FALSE,,,,,,https://cdn.32pt.com/public/sl-prod-od-0/images/retail-products/898EAE7FB7E5F2/898EAE7FB7E5F2-D39E5E2D2C4D-GS0-TC0-PUR/back/regular.jpg,lb,,24.99
SB_PRO_BUD_432,,,,,,,,Classic T-Shirt,,Purple,,2XL,TC-z12AULVU9H-032,0,,999,deny,manual,26.99,,TRUE,,,,,,FALSE,,Adult,Unisex,,HMS Rothesay (F107) - T-Shirt,,,,new,FALSE,,,,,,https://cdn.32pt.com/public/sl-prod-od-0/images/retail-products/898EAE7FB7E5F2/898EAE7FB7E5F2-D39E5E2D2C4D-GS0-TC0-PUR/back/regular.jpg,lb,,26.99
SB_PRO_BUD_432,,,,,,,,Classic T-Shirt,,Purple,,3XL,TC-z12AULVU9H-033,0,,999,deny,manual,27.99,,TRUE,,,,,,FALSE,,Adult,Unisex,,HMS Rothesay (F107) - T-Shirt,,,,new,FALSE,,,,,,https://cdn.32pt.com/public/sl-prod-od-0/images/retail-products/898EAE7FB7E5F2/898EAE7FB7E5F2-D39E5E2D2C4D-GS0-TC0-PUR/back/regular.jpg,lb,,27.99
SB_PRO_BUD_432,,,,,,,,Classic T-Shirt,,Purple,,4XL,TC-z12AULVU9H-034,0,,999,deny,manual,28.99,,TRUE,,,,,,FALSE,,Adult,Unisex,,HMS Rothesay (F107) - T-Shirt,,,,new,FALSE,,,,,,https://cdn.32pt.com/public/sl-prod-od-0/images/retail-products/898EAE7FB7E5F2/898EAE7FB7E5F2-D39E5E2D2C4D-GS0-TC0-PUR/back/regular.jpg,lb,,28.99
SB_PRO_BUD_432,,,,,,,,Classic T-Shirt,,Purple,,5XL,TC-z12AULVU9H-035,0,,999,deny,manual,29.99,,TRUE,,,,,,FALSE,,Adult,Unisex,,HMS Rothesay (F107) - T-Shirt,,,,new,FALSE,,,,,,https://cdn.32pt.com/public/sl-prod-od-0/images/retail-products/898EAE7FB7E5F2/898EAE7FB7E5F2-D39E5E2D2C4D-GS0-TC0-PUR/back/regular.jpg,lb,,29.99
SB_PRO_BUD_432,,,,,,,,Classic T-Shirt,,Purple,,6XL,TC-z12AULVU9H-036,0,,999,deny,manual,30.99,,TRUE,,,,,,FALSE,,Adult,Unisex,,HMS Rothesay (F107) - T-Shirt,,,,new,FALSE,,,,,,https://cdn.32pt.com/public/sl-prod-od-0/images/retail-products/898EAE7FB7E5F2/898EAE7FB7E5F2-D39E5E2D2C4D-GS0-TC0-PUR/back/regular.jpg,lb,,30.99
SB_PRO_BUD_432,,,,,,,,Classic T-Shirt,,J Navy,,S,TC-z12AULVU9H-037,0,,999,deny,manual,24.99,,TRUE,,,,,,FALSE,,Adult,Unisex,,HMS Rothesay (F107) - T-Shirt,,,,new,FALSE,,,,,,https://cdn.32pt.com/public/sl-prod-od-0/images/retail-products/898EAE7FB7E5F2/898EAE7FB7E5F2-D39E5E2D2C4D-GS0-TC0-NAV/back/regular.jpg,lb,,24.99
SB_PRO_BUD_432,,,,,,,,Classic T-Shirt,,J Navy,,M,TC-z12AULVU9H-038,0,,999,deny,manual,24.99,,TRUE,,,,,,FALSE,,Adult,Unisex,,HMS Rothesay (F107) - T-Shirt,,,,new,FALSE,,,,,,https://cdn.32pt.com/public/sl-prod-od-0/images/retail-products/898EAE7FB7E5F2/898EAE7FB7E5F2-D39E5E2D2C4D-GS0-TC0-NAV/back/regular.jpg,lb,,24.99
SB_PRO_BUD_432,,,,,,,,Classic T-Shirt,,J Navy,,L,TC-z12AULVU9H-039,0,,999,deny,manual,24.99,,TRUE,,,,,,FALSE,,Adult,Unisex,,HMS Rothesay (F107) - T-Shirt,,,,new,FALSE,,,,,,https://cdn.32pt.com/public/sl-prod-od-0/images/retail-products/898EAE7FB7E5F2/898EAE7FB7E5F2-D39E5E2D2C4D-GS0-TC0-NAV/back/regular.jpg,lb,,24.99
SB_PRO_BUD_432,,,,,,,,Classic T-Shirt,,J Navy,,XL,TC-z12AULVU9H-040,0,,999,deny,manual,24.99,,TRUE,,,,,,FALSE,,Adult,Unisex,,HMS Rothesay (F107) - T-Shirt,,,,new,FALSE,,,,,,https://cdn.32pt.com/public/sl-prod-od-0/images/retail-products/898EAE7FB7E5F2/898EAE7FB7E5F2-D39E5E2D2C4D-GS0-TC0-NAV/back/regular.jpg,lb,,24.99
SB_PRO_BUD_432,,,,,,,,Classic T-Shirt,,J Navy,,2XL,TC-z12AULVU9H-041,0,,999,deny,manual,26.99,,TRUE,,,,,,FALSE,,Adult,Unisex,,HMS Rothesay (F107) - T-Shirt,,,,new,FALSE,,,,,,https://cdn.32pt.com/public/sl-prod-od-0/images/retail-products/898EAE7FB7E5F2/898EAE7FB7E5F2-D39E5E2D2C4D-GS0-TC0-NAV/back/regular.jpg,lb,,26.99
SB_PRO_BUD_432,,,,,,,,Classic T-Shirt,,J Navy,,3XL,TC-z12AULVU9H-042,0,,999,deny,manual,27.99,,TRUE,,,,,,FALSE,,Adult,Unisex,,HMS Rothesay (F107) - T-Shirt,,,,new,FALSE,,,,,,https://cdn.32pt.com/public/sl-prod-od-0/images/retail-products/898EAE7FB7E5F2/898EAE7FB7E5F2-D39E5E2D2C4D-GS0-TC0-NAV/back/regular.jpg,lb,,27.99
SB_PRO_BUD_432,,,,,,,,Classic T-Shirt,,J Navy,,4XL,TC-z12AULVU9H-043,0,,999,deny,manual,28.99,,TRUE,,,,,,FALSE,,Adult,Unisex,,HMS Rothesay (F107) - T-Shirt,,,,new,FALSE,,,,,,https://cdn.32pt.com/public/sl-prod-od-0/images/retail-products/898EAE7FB7E5F2/898EAE7FB7E5F2-D39E5E2D2C4D-GS0-TC0-NAV/back/regular.jpg,lb,,28.99
SB_PRO_BUD_432,,,,,,,,Classic T-Shirt,,J Navy,,5XL,TC-z12AULVU9H-044,0,,999,deny,manual,29.99,,TRUE,,,,,,FALSE,,Adult,Unisex,,HMS Rothesay (F107) - T-Shirt,,,,new,FALSE,,,,,,https://cdn.32pt.com/public/sl-prod-od-0/images/retail-products/898EAE7FB7E5F2/898EAE7FB7E5F2-D39E5E2D2C4D-GS0-TC0-NAV/back/regular.jpg,lb,,29.99
SB_PRO_BUD_432,,,,,,,,Classic T-Shirt,,J Navy,,6XL,TC-z12AULVU9H-045,0,,999,deny,manual,30.99,,TRUE,,,,,,FALSE,,Adult,Unisex,,HMS Rothesay (F107) - T-Shirt,,,,new,FALSE,,,,,,https://cdn.32pt.com/public/sl-prod-od-0/images/retail-products/898EAE7FB7E5F2/898EAE7FB7E5F2-D39E5E2D2C4D-GS0-TC0-NAV/back/regular.jpg,lb,,30.99
SB_PRO_BUD_432,,,,,,,,Classic T-Shirt,,Forest Green,,S,TC-z12AULVU9H-046,0,,999,deny,manual,24.99,,TRUE,,,,,,FALSE,,Adult,Unisex,,HMS Rothesay (F107) - T-Shirt,,,,new,FALSE,,,,,,https://cdn.32pt.com/public/sl-prod-od-0/images/retail-products/898EAE7FB7E5F2/898EAE7FB7E5F2-D39E5E2D2C4D-GS0-TC0-FGR/back/regular.jpg,lb,,24.99
SB_PRO_BUD_432,,,,,,,,Classic T-Shirt,,Forest Green,,M,TC-z12AULVU9H-047,0,,999,deny,manual,24.99,,TRUE,,,,,,FALSE,,Adult,Unisex,,HMS Rothesay (F107) - T-Shirt,,,,new,FALSE,,,,,,https://cdn.32pt.com/public/sl-prod-od-0/images/retail-products/898EAE7FB7E5F2/898EAE7FB7E5F2-D39E5E2D2C4D-GS0-TC0-FGR/back/regular.jpg,lb,,24.99
SB_PRO_BUD_432,,,,,,,,Classic T-Shirt,,Forest Green,,L,TC-z12AULVU9H-048,0,,999,deny,manual,24.99,,TRUE,,,,,,FALSE,,Adult,Unisex,,HMS Rothesay (F107) - T-Shirt,,,,new,FALSE,,,,,,https://cdn.32pt.com/public/sl-prod-od-0/images/retail-products/898EAE7FB7E5F2/898EAE7FB7E5F2-D39E5E2D2C4D-GS0-TC0-FGR/back/regular.jpg,lb,,24.99
SB_PRO_BUD_432,,,,,,,,Classic T-Shirt,,Forest Green,,XL,TC-z12AULVU9H-049,0,,999,deny,manual,24.99,,TRUE,,,,,,FALSE,,Adult,Unisex,,HMS Rothesay (F107) - T-Shirt,,,,new,FALSE,,,,,,https://cdn.32pt.com/public/sl-prod-od-0/images/retail-products/898EAE7FB7E5F2/898EAE7FB7E5F2-D39E5E2D2C4D-GS0-TC0-FGR/back/regular.jpg,lb,,24.99
SB_PRO_BUD_432,,,,,,,,Classic T-Shirt,,Forest Green,,2XL,TC-z12AULVU9H-050,0,,999,deny,manual,26.99,,TRUE,,,,,,FALSE,,Adult,Unisex,,HMS Rothesay (F107) - T-Shirt,,,,new,FALSE,,,,,,https://cdn.32pt.com/public/sl-prod-od-0/images/retail-products/898EAE7FB7E5F2/898EAE7FB7E5F2-D39E5E2D2C4D-GS0-TC0-FGR/back/regular.jpg,lb,,26.99
SB_PRO_BUD_432,,,,,,,,Classic T-Shirt,,Forest Green,,3XL,TC-z12AULVU9H-051,0,,999,deny,manual,27.99,,TRUE,,,,,,FALSE,,Adult,Unisex,,HMS Rothesay (F107) - T-Shirt,,,,new,FALSE,,,,,,https://cdn.32pt.com/public/sl-prod-od-0/images/retail-products/898EAE7FB7E5F2/898EAE7FB7E5F2-D39E5E2D2C4D-GS0-TC0-FGR/back/regular.jpg,lb,,27.99
SB_PRO_BUD_432,,,,,,,,Classic T-Shirt,,Forest Green,,4XL,TC-z12AULVU9H-052,0,,999,deny,manual,28.99,,TRUE,,,,,,FALSE,,Adult,Unisex,,HMS Rothesay (F107) - T-Shirt,,,,new,FALSE,,,,,,https://cdn.32pt.com/public/sl-prod-od-0/images/retail-products/898EAE7FB7E5F2/898EAE7FB7E5F2-D39E5E2D2C4D-GS0-TC0-FGR/back/regular.jpg,lb,,28.99
SB_PRO_BUD_432,,,,,,,,Classic T-Shirt,,Forest Green,,5XL,TC-z12AULVU9H-053,0,,999,deny,manual,29.99,,TRUE,,,,,,FALSE,,Adult,Unisex,,HMS Rothesay (F107) - T-Shirt,,,,new,FALSE,,,,,,https://cdn.32pt.com/public/sl-prod-od-0/images/retail-products/898EAE7FB7E5F2/898EAE7FB7E5F2-D39E5E2D2C4D-GS0-TC0-FGR/back/regular.jpg,lb,,29.99
SB_PRO_BUD_432,,,,,,,,Classic T-Shirt,,Forest Green,,6XL,TC-z12AULVU9H-054,0,,999,deny,manual,30.99,,TRUE,,,,,,FALSE,,Adult,Unisex,,HMS Rothesay (F107) - T-Shirt,,,,new,FALSE,,,,,,https://cdn.32pt.com/public/sl-prod-od-0/images/retail-products/898EAE7FB7E5F2/898EAE7FB7E5F2-D39E5E2D2C4D-GS0-TC0-FGR/back/regular.jpg,lb,,30.99
SB_PRO_BUD_432,,,,,,,,Hooded Sweatshirt,,Black,,S,TC-z12AULVU9H-055,0,,999,deny,manual,42.95,,TRUE,,,,,,FALSE,,Adult,Unisex,,HMS Rothesay (F107) - T-Shirt,,,,new,FALSE,,,,,,https://cdn.32pt.com/public/sl-prod-od-0/images/retail-products/898EAE7FB7E5F2/898EAE7FB7E5F2-D39E5E2D2C4D-GS0-TC4-BLK/back/regular.jpg,lb,,42.95
SB_PRO_BUD_432,,,,,,,,Hooded Sweatshirt,,Black,,M,TC-z12AULVU9H-056,0,,999,deny,manual,42.95,,TRUE,,,,,,FALSE,,Adult,Unisex,,HMS Rothesay (F107) - T-Shirt,,,,new,FALSE,,,,,,https://cdn.32pt.com/public/sl-prod-od-0/images/retail-products/898EAE7FB7E5F2/898EAE7FB7E5F2-D39E5E2D2C4D-GS0-TC4-BLK/back/regular.jpg,lb,,42.95
SB_PRO_BUD_432,,,,,,,,Hooded Sweatshirt,,Black,,L,TC-z12AULVU9H-057,0,,999,deny,manual,42.95,,TRUE,,,,,,FALSE,,Adult,Unisex,,HMS Rothesay (F107) - T-Shirt,,,,new,FALSE,,,,,,https://cdn.32pt.com/public/sl-prod-od-0/images/retail-products/898EAE7FB7E5F2/898EAE7FB7E5F2-D39E5E2D2C4D-GS0-TC4-BLK/back/regular.jpg,lb,,42.95
SB_PRO_BUD_432,,,,,,,,Hooded Sweatshirt,,Black,,XL,TC-z12AULVU9H-058,0,,999,deny,manual,42.95,,TRUE,,,,,,FALSE,,Adult,Unisex,,HMS Rothesay (F107) - T-Shirt,,,,new,FALSE,,,,,,https://cdn.32pt.com/public/sl-prod-od-0/images/retail-products/898EAE7FB7E5F2/898EAE7FB7E5F2-D39E5E2D2C4D-GS0-TC4-BLK/back/regular.jpg,lb,,42.95
SB_PRO_BUD_432,,,,,,,,Hooded Sweatshirt,,Black,,2XL,TC-z12AULVU9H-059,0,,999,deny,manual,46.95,,TRUE,,,,,,FALSE,,Adult,Unisex,,HMS Rothesay (F107) - T-Shirt,,,,new,FALSE,,,,,,https://cdn.32pt.com/public/sl-prod-od-0/images/retail-products/898EAE7FB7E5F2/898EAE7FB7E5F2-D39E5E2D2C4D-GS0-TC4-BLK/back/regular.jpg,lb,,46.95
SB_PRO_BUD_432,,,,,,,,Hooded Sweatshirt,,Black,,3XL,TC-z12AULVU9H-060,0,,999,deny,manual,46.95,,TRUE,,,,,,FALSE,,Adult,Unisex,,HMS Rothesay (F107) - T-Shirt,,,,new,FALSE,,,,,,https://cdn.32pt.com/public/sl-prod-od-0/images/retail-products/898EAE7FB7E5F2/898EAE7FB7E5F2-D39E5E2D2C4D-GS0-TC4-BLK/back/regular.jpg,lb,,46.95
SB_PRO_BUD_432,,,,,,,,Hooded Sweatshirt,,Black,,4XL,TC-z12AULVU9H-061,0,,999,deny,manual,46.95,,TRUE,,,,,,FALSE,,Adult,Unisex,,HMS Rothesay (F107) - T-Shirt,,,,new,FALSE,,,,,,https://cdn.32pt.com/public/sl-prod-od-0/images/retail-products/898EAE7FB7E5F2/898EAE7FB7E5F2-D39E5E2D2C4D-GS0-TC4-BLK/back/regular.jpg,lb,,46.95
SB_PRO_BUD_432,,,,,,,,Hooded Sweatshirt,,Black,,5XL,TC-z12AULVU9H-062,0,,999,deny,manual,48.95,,TRUE,,,,,,FALSE,,Adult,Unisex,,HMS Rothesay (F107) - T-Shirt,,,,new,FALSE,,,,,,https://cdn.32pt.com/public/sl-prod-od-0/images/retail-products/898EAE7FB7E5F2/898EAE7FB7E5F2-D39E5E2D2C4D-GS0-TC4-BLK/back/regular.jpg,lb,,48.95
SB_PRO_BUD_432,,,,,,,,Hooded Sweatshirt,,Navy,,S,TC-z12AULVU9H-063,0,,999,deny,manual,42.95,,TRUE,,,,,,FALSE,,Adult,Unisex,,HMS Rothesay (F107) - T-Shirt,,,,new,FALSE,,,,,,https://cdn.32pt.com/public/sl-prod-od-0/images/retail-products/898EAE7FB7E5F2/898EAE7FB7E5F2-D39E5E2D2C4D-GS0-TC4-NAV/back/regular.jpg,lb,,42.95
SB_PRO_BUD_432,,,,,,,,Hooded Sweatshirt,,Navy,,M,TC-z12AULVU9H-064,0,,999,deny,manual,42.95,,TRUE,,,,,,FALSE,,Adult,Unisex,,HMS Rothesay (F107) - T-Shirt,,,,new,FALSE,,,,,,https://cdn.32pt.com/public/sl-prod-od-0/images/retail-products/898EAE7FB7E5F2/898EAE7FB7E5F2-D39E5E2D2C4D-GS0-TC4-NAV/back/regular.jpg,lb,,42.95
SB_PRO_BUD_432,,,,,,,,Hooded Sweatshirt,,Navy,,L,TC-z12AULVU9H-065,0,,999,deny,manual,42.95,,TRUE,,,,,,FALSE,,Adult,Unisex,,HMS Rothesay (F107) - T-Shirt,,,,new,FALSE,,,,,,https://cdn.32pt.com/public/sl-prod-od-0/images/retail-products/898EAE7FB7E5F2/898EAE7FB7E5F2-D39E5E2D2C4D-GS0-TC4-NAV/back/regular.jpg,lb,,42.95
SB_PRO_BUD_432,,,,,,,,Hooded Sweatshirt,,Navy,,XL,TC-z12AULVU9H-066,0,,999,deny,manual,42.95,,TRUE,,,,,,FALSE,,Adult,Unisex,,HMS Rothesay (F107) - T-Shirt,,,,new,FALSE,,,,,,https://cdn.32pt.com/public/sl-prod-od-0/images/retail-products/898EAE7FB7E5F2/898EAE7FB7E5F2-D39E5E2D2C4D-GS0-TC4-NAV/back/regular.jpg,lb,,42.95
SB_PRO_BUD_432,,,,,,,,Hooded Sweatshirt,,Navy,,2XL,TC-z12AULVU9H-067,0,,999,deny,manual,46.95,,TRUE,,,,,,FALSE,,Adult,Unisex,,HMS Rothesay (F107) - T-Shirt,,,,new,FALSE,,,,,,https://cdn.32pt.com/public/sl-prod-od-0/images/retail-products/898EAE7FB7E5F2/898EAE7FB7E5F2-D39E5E2D2C4D-GS0-TC4-NAV/back/regular.jpg,lb,,46.95
SB_PRO_BUD_432,,,,,,,,Hooded Sweatshirt,,Navy,,3XL,TC-z12AULVU9H-068,0,,999,deny,manual,46.95,,TRUE,,,,,,FALSE,,Adult,Unisex,,HMS Rothesay (F107) - T-Shirt,,,,new,FALSE,,,,,,https://cdn.32pt.com/public/sl-prod-od-0/images/retail-products/898EAE7FB7E5F2/898EAE7FB7E5F2-D39E5E2D2C4D-GS0-TC4-NAV/back/regular.jpg,lb,,46.95
SB_PRO_BUD_432,,,,,,,,Hooded Sweatshirt,,Navy,,4XL,TC-z12AULVU9H-069,0,,999,deny,manual,46.95,,TRUE,,,,,,FALSE,,Adult,Unisex,,HMS Rothesay (F107) - T-Shirt,,,,new,FALSE,,,,,,https://cdn.32pt.com/public/sl-prod-od-0/images/retail-products/898EAE7FB7E5F2/898EAE7FB7E5F2-D39E5E2D2C4D-GS0-TC4-NAV/back/regular.jpg,lb,,46.95
SB_PRO_BUD_432,,,,,,,,Hooded Sweatshirt,,Navy,,5XL,TC-z12AULVU9H-070,0,,999,deny,manual,48.95,,TRUE,,,,,,FALSE,,Adult,Unisex,,HMS Rothesay (F107) - T-Shirt,,,,new,FALSE,,,,,,https://cdn.32pt.com/public/sl-prod-od-0/images/retail-products/898EAE7FB7E5F2/898EAE7FB7E5F2-D39E5E2D2C4D-GS0-TC4-NAV/back/regular.jpg,lb,,48.95
SB_PRO_BUD_432,,,,,,,,Hooded Sweatshirt,,Charcoal Grey,,S,TC-z12AULVU9H-071,0,,999,deny,manual,42.95,,TRUE,,,,,,FALSE,,Adult,Unisex,,HMS Rothesay (F107) - T-Shirt,,,,new,FALSE,,,,,,https://cdn.32pt.com/public/sl-prod-od-0/images/retail-products/898EAE7FB7E5F2/898EAE7FB7E5F2-D39E5E2D2C4D-GS0-TC4-GRY/back/regular.jpg,lb,,42.95
SB_PRO_BUD_432,,,,,,,,Hooded Sweatshirt,,Charcoal Grey,,M,TC-z12AULVU9H-072,0,,999,deny,manual,42.95,,TRUE,,,,,,FALSE,,Adult,Unisex,,HMS Rothesay (F107) - T-Shirt,,,,new,FALSE,,,,,,https://cdn.32pt.com/public/sl-prod-od-0/images/retail-products/898EAE7FB7E5F2/898EAE7FB7E5F2-D39E5E2D2C4D-GS0-TC4-GRY/back/regular.jpg,lb,,42.95
SB_PRO_BUD_432,,,,,,,,Hooded Sweatshirt,,Charcoal Grey,,L,TC-z12AULVU9H-073,0,,999,deny,manual,42.95,,TRUE,,,,,,FALSE,,Adult,Unisex,,HMS Rothesay (F107) - T-Shirt,,,,new,FALSE,,,,,,https://cdn.32pt.com/public/sl-prod-od-0/images/retail-products/898EAE7FB7E5F2/898EAE7FB7E5F2-D39E5E2D2C4D-GS0-TC4-GRY/back/regular.jpg,lb,,42.95
SB_PRO_BUD_432,,,,,,,,Hooded Sweatshirt,,Charcoal Grey,,XL,TC-z12AULVU9H-074,0,,999,deny,manual,42.95,,TRUE,,,,,,FALSE,,Adult,Unisex,,HMS Rothesay (F107) - T-Shirt,,,,new,FALSE,,,,,,https://cdn.32pt.com/public/sl-prod-od-0/images/retail-products/898EAE7FB7E5F2/898EAE7FB7E5F2-D39E5E2D2C4D-GS0-TC4-GRY/back/regular.jpg,lb,,42.95
SB_PRO_BUD_432,,,,,,,,Hooded Sweatshirt,,Charcoal Grey,,2XL,TC-z12AULVU9H-075,0,,999,deny,manual,46.95,,TRUE,,,,,,FALSE,,Adult,Unisex,,HMS Rothesay (F107) - T-Shirt,,,,new,FALSE,,,,,,https://cdn.32pt.com/public/sl-prod-od-0/images/retail-products/898EAE7FB7E5F2/898EAE7FB7E5F2-D39E5E2D2C4D-GS0-TC4-GRY/back/regular.jpg,lb,,46.95
SB_PRO_BUD_432,,,,,,,,Hooded Sweatshirt,,Charcoal Grey,,3XL,TC-z12AULVU9H-076,0,,999,deny,manual,46.95,,TRUE,,,,,,FALSE,,Adult,Unisex,,HMS Rothesay (F107) - T-Shirt,,,,new,FALSE,,,,,,https://cdn.32pt.com/public/sl-prod-od-0/images/retail-products/898EAE7FB7E5F2/898EAE7FB7E5F2-D39E5E2D2C4D-GS0-TC4-GRY/back/regular.jpg,lb,,46.95
SB_PRO_BUD_432,,,,,,,,Hooded Sweatshirt,,Charcoal Grey,,4XL,TC-z12AULVU9H-077,0,,999,deny,manual,46.95,,TRUE,,,,,,FALSE,,Adult,Unisex,,HMS Rothesay (F107) - T-Shirt,,,,new,FALSE,,,,,,https://cdn.32pt.com/public/sl-prod-od-0/images/retail-products/898EAE7FB7E5F2/898EAE7FB7E5F2-D39E5E2D2C4D-GS0-TC4-GRY/back/regular.jpg,lb,,46.95
SB_PRO_BUD_432,,,,,,,,Hooded Sweatshirt,,Charcoal Grey,,5XL,TC-z12AULVU9H-078,0,,999,deny,manual,48.95,,TRUE,,,,,,FALSE,,Adult,Unisex,,HMS Rothesay (F107) - T-Shirt,,,,new,FALSE,,,,,,https://cdn.32pt.com/public/sl-prod-od-0/images/retail-products/898EAE7FB7E5F2/898EAE7FB7E5F2-D39E5E2D2C4D-GS0-TC4-GRY/back/regular.jpg,lb,,48.95
SB_PRO_BUD_432,,,,,,,,Hooded Sweatshirt,,Sports Grey,,S,TC-z12AULVU9H-079,0,,999,deny,manual,42.95,,TRUE,,,,,,FALSE,,Adult,Unisex,,HMS Rothesay (F107) - T-Shirt,,,,new,FALSE,,,,,,https://cdn.32pt.com/public/sl-prod-od-0/images/retail-products/898EAE7FB7E5F2/898EAE7FB7E5F2-D39E5E2D2C4D-GS0-TC4-ATH/back/regular.jpg,lb,,42.95
SB_PRO_BUD_432,,,,,,,,Hooded Sweatshirt,,Sports Grey,,M,TC-z12AULVU9H-080,0,,999,deny,manual,42.95,,TRUE,,,,,,FALSE,,Adult,Unisex,,HMS Rothesay (F107) - T-Shirt,,,,new,FALSE,,,,,,https://cdn.32pt.com/public/sl-prod-od-0/images/retail-products/898EAE7FB7E5F2/898EAE7FB7E5F2-D39E5E2D2C4D-GS0-TC4-ATH/back/regular.jpg,lb,,42.95
SB_PRO_BUD_432,,,,,,,,Hooded Sweatshirt,,Sports Grey,,L,TC-z12AULVU9H-081,0,,999,deny,manual,42.95,,TRUE,,,,,,FALSE,,Adult,Unisex,,HMS Rothesay (F107) - T-Shirt,,,,new,FALSE,,,,,,https://cdn.32pt.com/public/sl-prod-od-0/images/retail-products/898EAE7FB7E5F2/898EAE7FB7E5F2-D39E5E2D2C4D-GS0-TC4-ATH/back/regular.jpg,lb,,42.95
SB_PRO_BUD_432,,,,,,,,Hooded Sweatshirt,,Sports Grey,,XL,TC-z12AULVU9H-082,0,,999,deny,manual,42.95,,TRUE,,,,,,FALSE,,Adult,Unisex,,HMS Rothesay (F107) - T-Shirt,,,,new,FALSE,,,,,,https://cdn.32pt.com/public/sl-prod-od-0/images/retail-products/898EAE7FB7E5F2/898EAE7FB7E5F2-D39E5E2D2C4D-GS0-TC4-ATH/back/regular.jpg,lb,,42.95
SB_PRO_BUD_432,,,,,,,,Hooded Sweatshirt,,Sports Grey,,2XL,TC-z12AULVU9H-083,0,,999,deny,manual,46.95,,TRUE,,,,,,FALSE,,Adult,Unisex,,HMS Rothesay (F107) - T-Shirt,,,,new,FALSE,,,,,,https://cdn.32pt.com/public/sl-prod-od-0/images/retail-products/898EAE7FB7E5F2/898EAE7FB7E5F2-D39E5E2D2C4D-GS0-TC4-ATH/back/regular.jpg,lb,,46.95
SB_PRO_BUD_432,,,,,,,,Hooded Sweatshirt,,Sports Grey,,3XL,TC-z12AULVU9H-084,0,,999,deny,manual,46.95,,TRUE,,,,,,FALSE,,Adult,Unisex,,HMS Rothesay (F107) - T-Shirt,,,,new,FALSE,,,,,,https://cdn.32pt.com/public/sl-prod-od-0/images/retail-products/898EAE7FB7E5F2/898EAE7FB7E5F2-D39E5E2D2C4D-GS0-TC4-ATH/back/regular.jpg,lb,,46.95
SB_PRO_BUD_432,,,,,,,,Hooded Sweatshirt,,Sports Grey,,4XL,TC-z12AULVU9H-085,0,,999,deny,manual,46.95,,TRUE,,,,,,FALSE,,Adult,Unisex,,HMS Rothesay (F107) - T-Shirt,,,,new,FALSE,,,,,,https://cdn.32pt.com/public/sl-prod-od-0/images/retail-products/898EAE7FB7E5F2/898EAE7FB7E5F2-D39E5E2D2C4D-GS0-TC4-ATH/back/regular.jpg,lb,,46.95
SB_PRO_BUD_432,,,,,,,,Hooded Sweatshirt,,Sports Grey,,5XL,TC-z12AULVU9H-086,0,,999,deny,manual,48.95,,TRUE,,,,,,FALSE,,Adult,Unisex,,HMS Rothesay (F107) - T-Shirt,,,,new,FALSE,,,,,,https://cdn.32pt.com/public/sl-prod-od-0/images/retail-products/898EAE7FB7E5F2/898EAE7FB7E5F2-D39E5E2D2C4D-GS0-TC4-ATH/back/regular.jpg,lb,,48.95
SB_PRO_BUD_432,,,,,,,,Crewneck Sweatshirt,,Black,,S,TC-z12AULVU9H-087,0,,999,deny,manual,35.95,,TRUE,,,,,,FALSE,,Adult,Unisex,,HMS Rothesay (F107) - T-Shirt,,,,new,FALSE,,,,,,https://cdn.32pt.com/public/sl-prod-od-0/images/retail-products/898EAE7FB7E5F2/898EAE7FB7E5F2-D39E5E2D2C4D-GS0-TC12-BLK/back/regular.jpg,lb,,35.95
SB_PRO_BUD_432,,,,,,,,Crewneck Sweatshirt,,Black,,M,TC-z12AULVU9H-088,0,,999,deny,manual,35.95,,TRUE,,,,,,FALSE,,Adult,Unisex,,HMS Rothesay (F107) - T-Shirt,,,,new,FALSE,,,,,,https://cdn.32pt.com/public/sl-prod-od-0/images/retail-products/898EAE7FB7E5F2/898EAE7FB7E5F2-D39E5E2D2C4D-GS0-TC12-BLK/back/regular.jpg,lb,,35.95
SB_PRO_BUD_432,,,,,,,,Crewneck Sweatshirt,,Black,,L,TC-z12AULVU9H-089,0,,999,deny,manual,35.95,,TRUE,,,,,,FALSE,,Adult,Unisex,,HMS Rothesay (F107) - T-Shirt,,,,new,FALSE,,,,,,https://cdn.32pt.com/public/sl-prod-od-0/images/retail-products/898EAE7FB7E5F2/898EAE7FB7E5F2-D39E5E2D2C4D-GS0-TC12-BLK/back/regular.jpg,lb,,35.95
SB_PRO_BUD_432,,,,,,,,Crewneck Sweatshirt,,Black,,XL,TC-z12AULVU9H-090,0,,999,deny,manual,35.95,,TRUE,,,,,,FALSE,,Adult,Unisex,,HMS Rothesay (F107) - T-Shirt,,,,new,FALSE,,,,,,https://cdn.32pt.com/public/sl-prod-od-0/images/retail-products/898EAE7FB7E5F2/898EAE7FB7E5F2-D39E5E2D2C4D-GS0-TC12-BLK/back/regular.jpg,lb,,35.95
SB_PRO_BUD_432,,,,,,,,Crewneck Sweatshirt,,Black,,2XL,TC-z12AULVU9H-091,0,,999,deny,manual,37.95,,TRUE,,,,,,FALSE,,Adult,Unisex,,HMS Rothesay (F107) - T-Shirt,,,,new,FALSE,,,,,,https://cdn.32pt.com/public/sl-prod-od-0/images/retail-products/898EAE7FB7E5F2/898EAE7FB7E5F2-D39E5E2D2C4D-GS0-TC12-BLK/back/regular.jpg,lb,,37.95
SB_PRO_BUD_432,,,,,,,,Crewneck Sweatshirt,,Black,,3XL,TC-z12AULVU9H-092,0,,999,deny,manual,38.95,,TRUE,,,,,,FALSE,,Adult,Unisex,,HMS Rothesay (F107) - T-Shirt,,,,new,FALSE,,,,,,https://cdn.32pt.com/public/sl-prod-od-0/images/retail-products/898EAE7FB7E5F2/898EAE7FB7E5F2-D39E5E2D2C4D-GS0-TC12-BLK/back/regular.jpg,lb,,38.95
SB_PRO_BUD_432,,,,,,,,Crewneck Sweatshirt,,Black,,4XL,TC-z12AULVU9H-093,0,,999,deny,manual,39.95,,TRUE,,,,,,FALSE,,Adult,Unisex,,HMS Rothesay (F107) - T-Shirt,,,,new,FALSE,,,,,,https://cdn.32pt.com/public/sl-prod-od-0/images/retail-products/898EAE7FB7E5F2/898EAE7FB7E5F2-D39E5E2D2C4D-GS0-TC12-BLK/back/regular.jpg,lb,,39.95
SB_PRO_BUD_432,,,,,,,,Crewneck Sweatshirt,,Black,,5XL,TC-z12AULVU9H-094,0,,999,deny,manual,40.95,,TRUE,,,,,,FALSE,,Adult,Unisex,,HMS Rothesay (F107) - T-Shirt,,,,new,FALSE,,,,,,https://cdn.32pt.com/public/sl-prod-od-0/images/retail-products/898EAE7FB7E5F2/898EAE7FB7E5F2-D39E5E2D2C4D-GS0-TC12-BLK/back/regular.jpg,lb,,40.95
SB_PRO_BUD_432,,,,,,,,Crewneck Sweatshirt,,Charcoal Grey,,S,TC-z12AULVU9H-095,0,,999,deny,manual,35.95,,TRUE,,,,,,FALSE,,Adult,Unisex,,HMS Rothesay (F107) - T-Shirt,,,,new,FALSE,,,,,,https://cdn.32pt.com/public/sl-prod-od-0/images/retail-products/898EAE7FB7E5F2/898EAE7FB7E5F2-D39E5E2D2C4D-GS0-TC12-GRY/back/regular.jpg,lb,,35.95
SB_PRO_BUD_432,,,,,,,,Crewneck Sweatshirt,,Charcoal Grey,,M,TC-z12AULVU9H-096,0,,999,deny,manual,35.95,,TRUE,,,,,,FALSE,,Adult,Unisex,,HMS Rothesay (F107) - T-Shirt,,,,new,FALSE,,,,,,https://cdn.32pt.com/public/sl-prod-od-0/images/retail-products/898EAE7FB7E5F2/898EAE7FB7E5F2-D39E5E2D2C4D-GS0-TC12-GRY/back/regular.jpg,lb,,35.95
SB_PRO_BUD_432,,,,,,,,Crewneck Sweatshirt,,Charcoal Grey,,L,TC-z12AULVU9H-097,0,,999,deny,manual,35.95,,TRUE,,,,,,FALSE,,Adult,Unisex,,HMS Rothesay (F107) - T-Shirt,,,,new,FALSE,,,,,,https://cdn.32pt.com/public/sl-prod-od-0/images/retail-products/898EAE7FB7E5F2/898EAE7FB7E5F2-D39E5E2D2C4D-GS0-TC12-GRY/back/regular.jpg,lb,,35.95
SB_PRO_BUD_432,,,,,,,,Crewneck Sweatshirt,,Charcoal Grey,,XL,TC-z12AULVU9H-098,0,,999,deny,manual,35.95,,TRUE,,,,,,FALSE,,Adult,Unisex,,HMS Rothesay (F107) - T-Shirt,,,,new,FALSE,,,,,,https://cdn.32pt.com/public/sl-prod-od-0/images/retail-products/898EAE7FB7E5F2/898EAE7FB7E5F2-D39E5E2D2C4D-GS0-TC12-GRY/back/regular.jpg,lb,,35.95
SB_PRO_BUD_432,,,,,,,,Crewneck Sweatshirt,,Charcoal Grey,,2XL,TC-z12AULVU9H-099,0,,999,deny,manual,37.95,,TRUE,,,,,,FALSE,,Adult,Unisex,,HMS Rothesay (F107) - T-Shirt,,,,new,FALSE,,,,,,https://cdn.32pt.com/public/sl-prod-od-0/images/retail-products/898EAE7FB7E5F2/898EAE7FB7E5F2-D39E5E2D2C4D-GS0-TC12-GRY/back/regular.jpg,lb,,37.95
SB_PRO_BUD_432,,,,,,,,Crewneck Sweatshirt,,Charcoal Grey,,3XL,TC-z12AULVU9H-100,0,,999,deny,manual,38.95,,TRUE,,,,,,FALSE,,Adult,Unisex,,HMS Rothesay (F107) - T-Shirt,,,,new,FALSE,,,,,,https://cdn.32pt.com/public/sl-prod-od-0/images/retail-products/898EAE7FB7E5F2/898EAE7FB7E5F2-D39E5E2D2C4D-GS0-TC12-GRY/back/regular.jpg,lb,,38.95
SB_PRO_BUD_432,,,,,,,,Crewneck Sweatshirt,,Charcoal Grey,,4XL,TC-z12AULVU9H-101,0,,999,deny,manual,39.95,,TRUE,,,,,,FALSE,,Adult,Unisex,,HMS Rothesay (F107) - T-Shirt,,,,new,FALSE,,,,,,https://cdn.32pt.com/public/sl-prod-od-0/images/retail-products/898EAE7FB7E5F2/898EAE7FB7E5F2-D39E5E2D2C4D-GS0-TC12-GRY/back/regular.jpg,lb,,39.95
SB_PRO_BUD_432,,,,,,,,Crewneck Sweatshirt,,Charcoal Grey,,5XL,TC-z12AULVU9H-102,0,,999,deny,manual,40.95,,TRUE,,,,,,FALSE,,Adult,Unisex,,HMS Rothesay (F107) - T-Shirt,,,,new,FALSE,,,,,,https://cdn.32pt.com/public/sl-prod-od-0/images/retail-products/898EAE7FB7E5F2/898EAE7FB7E5F2-D39E5E2D2C4D-GS0-TC12-GRY/back/regular.jpg,lb,,40.95
SB_PRO_BUD_432,,,,,,,,Crewneck Sweatshirt,,Navy,,S,TC-z12AULVU9H-103,0,,999,deny,manual,35.95,,TRUE,,,,,,FALSE,,Adult,Unisex,,HMS Rothesay (F107) - T-Shirt,,,,new,FALSE,,,,,,https://cdn.32pt.com/public/sl-prod-od-0/images/retail-products/898EAE7FB7E5F2/898EAE7FB7E5F2-D39E5E2D2C4D-GS0-TC12-NAV/back/regular.jpg,lb,,35.95
SB_PRO_BUD_432,,,,,,,,Crewneck Sweatshirt,,Navy,,M,TC-z12AULVU9H-104,0,,999,deny,manual,35.95,,TRUE,,,,,,FALSE,,Adult,Unisex,,HMS Rothesay (F107) - T-Shirt,,,,new,FALSE,,,,,,https://cdn.32pt.com/public/sl-prod-od-0/images/retail-products/898EAE7FB7E5F2/898EAE7FB7E5F2-D39E5E2D2C4D-GS0-TC12-NAV/back/regular.jpg,lb,,35.95
SB_PRO_BUD_432,,,,,,,,Crewneck Sweatshirt,,Navy,,L,TC-z12AULVU9H-105,0,,999,deny,manual,35.95,,TRUE,,,,,,FALSE,,Adult,Unisex,,HMS Rothesay (F107) - T-Shirt,,,,new,FALSE,,,,,,https://cdn.32pt.com/public/sl-prod-od-0/images/retail-products/898EAE7FB7E5F2/898EAE7FB7E5F2-D39E5E2D2C4D-GS0-TC12-NAV/back/regular.jpg,lb,,35.95
SB_PRO_BUD_432,,,,,,,,Crewneck Sweatshirt,,Navy,,XL,TC-z12AULVU9H-106,0,,999,deny,manual,35.95,,TRUE,,,,,,FALSE,,Adult,Unisex,,HMS Rothesay (F107) - T-Shirt,,,,new,FALSE,,,,,,https://cdn.32pt.com/public/sl-prod-od-0/images/retail-products/898EAE7FB7E5F2/898EAE7FB7E5F2-D39E5E2D2C4D-GS0-TC12-NAV/back/regular.jpg,lb,,35.95
SB_PRO_BUD_432,,,,,,,,Crewneck Sweatshirt,,Navy,,2XL,TC-z12AULVU9H-107,0,,999,deny,manual,37.95,,TRUE,,,,,,FALSE,,Adult,Unisex,,HMS Rothesay (F107) - T-Shirt,,,,new,FALSE,,,,,,https://cdn.32pt.com/public/sl-prod-od-0/images/retail-products/898EAE7FB7E5F2/898EAE7FB7E5F2-D39E5E2D2C4D-GS0-TC12-NAV/back/regular.jpg,lb,,37.95
SB_PRO_BUD_432,,,,,,,,Crewneck Sweatshirt,,Navy,,3XL,TC-z12AULVU9H-108,0,,999,deny,manual,38.95,,TRUE,,,,,,FALSE,,Adult,Unisex,,HMS Rothesay (F107) - T-Shirt,,,,new,FALSE,,,,,,https://cdn.32pt.com/public/sl-prod-od-0/images/retail-products/898EAE7FB7E5F2/898EAE7FB7E5F2-D39E5E2D2C4D-GS0-TC12-NAV/back/regular.jpg,lb,,38.95
SB_PRO_BUD_432,,,,,,,,Crewneck Sweatshirt,,Navy,,4XL,TC-z12AULVU9H-109,0,,999,deny,manual,39.95,,TRUE,,,,,,FALSE,,Adult,Unisex,,HMS Rothesay (F107) - T-Shirt,,,,new,FALSE,,,,,,https://cdn.32pt.com/public/sl-prod-od-0/images/retail-products/898EAE7FB7E5F2/898EAE7FB7E5F2-D39E5E2D2C4D-GS0-TC12-NAV/back/regular.jpg,lb,,39.95
SB_PRO_BUD_432,,,,,,,,Crewneck Sweatshirt,,Navy,,5XL,TC-z12AULVU9H-110,0,,999,deny,manual,40.95,,TRUE,,,,,,FALSE,,Adult,Unisex,,HMS Rothesay (F107) - T-Shirt,,,,new,FALSE,,,,,,https://cdn.32pt.com/public/sl-prod-od-0/images/retail-products/898EAE7FB7E5F2/898EAE7FB7E5F2-D39E5E2D2C4D-GS0-TC12-NAV/back/regular.jpg,lb,,40.95
SB_PRO_BUD_432,,,,,,,,Crewneck Sweatshirt,,Sports Grey,,S,TC-z12AULVU9H-111,0,,999,deny,manual,35.95,,TRUE,,,,,,FALSE,,Adult,Unisex,,HMS Rothesay (F107) - T-Shirt,,,,new,FALSE,,,,,,https://cdn.32pt.com/public/sl-prod-od-0/images/retail-products/898EAE7FB7E5F2/898EAE7FB7E5F2-D39E5E2D2C4D-GS0-TC12-ATH/back/regular.jpg,lb,,35.95
SB_PRO_BUD_432,,,,,,,,Crewneck Sweatshirt,,Sports Grey,,M,TC-z12AULVU9H-112,0,,999,deny,manual,35.95,,TRUE,,,,,,FALSE,,Adult,Unisex,,HMS Rothesay (F107) - T-Shirt,,,,new,FALSE,,,,,,https://cdn.32pt.com/public/sl-prod-od-0/images/retail-products/898EAE7FB7E5F2/898EAE7FB7E5F2-D39E5E2D2C4D-GS0-TC12-ATH/back/regular.jpg,lb,,35.95
SB_PRO_BUD_432,,,,,,,,Crewneck Sweatshirt,,Sports Grey,,L,TC-z12AULVU9H-113,0,,999,deny,manual,35.95,,TRUE,,,,,,FALSE,,Adult,Unisex,,HMS Rothesay (F107) - T-Shirt,,,,new,FALSE,,,,,,https://cdn.32pt.com/public/sl-prod-od-0/images/retail-products/898EAE7FB7E5F2/898EAE7FB7E5F2-D39E5E2D2C4D-GS0-TC12-ATH/back/regular.jpg,lb,,35.95
SB_PRO_BUD_432,,,,,,,,Crewneck Sweatshirt,,Sports Grey,,XL,TC-z12AULVU9H-114,0,,999,deny,manual,35.95,,TRUE,,,,,,FALSE,,Adult,Unisex,,HMS Rothesay (F107) - T-Shirt,,,,new,FALSE,,,,,,https://cdn.32pt.com/public/sl-prod-od-0/images/retail-products/898EAE7FB7E5F2/898EAE7FB7E5F2-D39E5E2D2C4D-GS0-TC12-ATH/back/regular.jpg,lb,,35.95
SB_PRO_BUD_432,,,,,,,,Crewneck Sweatshirt,,Sports Grey,,2XL,TC-z12AULVU9H-115,0,,999,deny,manual,37.95,,TRUE,,,,,,FALSE,,Adult,Unisex,,HMS Rothesay (F107) - T-Shirt,,,,new,FALSE,,,,,,https://cdn.32pt.com/public/sl-prod-od-0/images/retail-products/898EAE7FB7E5F2/898EAE7FB7E5F2-D39E5E2D2C4D-GS0-TC12-ATH/back/regular.jpg,lb,,37.95
SB_PRO_BUD_432,,,,,,,,Crewneck Sweatshirt,,Sports Grey,,3XL,TC-z12AULVU9H-116,0,,999,deny,manual,38.95,,TRUE,,,,,,FALSE,,Adult,Unisex,,HMS Rothesay (F107) - T-Shirt,,,,new,FALSE,,,,,,https://cdn.32pt.com/public/sl-prod-od-0/images/retail-products/898EAE7FB7E5F2/898EAE7FB7E5F2-D39E5E2D2C4D-GS0-TC12-ATH/back/regular.jpg,lb,,38.95
SB_PRO_BUD_432,,,,,,,,Crewneck Sweatshirt,,Sports Grey,,4XL,TC-z12AULVU9H-117,0,,999,deny,manual,39.95,,TRUE,,,,,,FALSE,,Adult,Unisex,,HMS Rothesay (F107) - T-Shirt,,,,new,FALSE,,,,,,https://cdn.32pt.com/public/sl-prod-od-0/images/retail-products/898EAE7FB7E5F2/898EAE7FB7E5F2-D39E5E2D2C4D-GS0-TC12-ATH/back/regular.jpg,lb,,39.95
SB_PRO_BUD_432,,,,,,,,Crewneck Sweatshirt,,Sports Grey,,5XL,TC-z12AULVU9H-118,0,,999,deny,manual,40.95,,TRUE,,,,,,FALSE,,Adult,Unisex,,HMS Rothesay (F107) - T-Shirt,,,,new,FALSE,,,,,,https://cdn.32pt.com/public/sl-prod-od-0/images/retail-products/898EAE7FB7E5F2/898EAE7FB7E5F2-D39E5E2D2C4D-GS0-TC12-ATH/back/regular.jpg,lb,,40.95
